{
  "project_info": {
    "project_number": "539701574435",
    "firebase_url": "https://asistenteotto-default-rtdb.firebaseio.com",
    "project_id": "asistenteotto",
    "storage_bucket": "asistenteotto.appspot.com"
  },
  "client": [
    {
      "client_info": {
        "mobilesdk_app_id": "1:539701574435:android:bec43279065bfe88802a96",
        "android_client_info": {
          "package_name": "com.example.databaseotto"
        }
      },
      "oauth_client": [
        {
          "client_id": "539701574435-q0epn630n148tq4gf1u52a5n8hcp8jtv.apps.googleusercontent.com",
          "client_type": 3
        }
      ],
      "api_key": [
        {
          "current_key": "AIzaSyCLOcQ5Zgl2i671Dq-hOGKfhjaMjr_5FoM"
        }
      ],
      "services": {
        "appinvite_service": {
          "other_platform_oauth_client": [
            {
              "client_id": "539701574435-q0epn630n148tq4gf1u52a5n8hcp8jtv.apps.googleusercontent.com",
              "client_type": 3
            }
          ]
        }
      }
    }
  ],
  "configuration_version": "1"
}